<?xml version="1.0" ?>

<container xmlns="http://symfony.com/schema/dic/services"
    xmlns:xsi="http://www.w3.org/2001/XMLSchema-instance"
    xsi:schemaLocation="http://symfony.com/schema/dic/services http://symfony.com/schema/dic/services/services-1.0.xsd">

    <parameters>
        <parameter key="be_simple_i18n_routing.router.class">BeSimple\I18nRoutingBundle\Routing\Router</parameter>
        <parameter key="be_simple_i18n_routing.loader.xml.class">BeSimple\I18nRoutingBundle\Routing\Loader\XmlFileLoader</parameter>
        <parameter key="be_simple_i18n_routing.loader.yaml.class">BeSimple\I18nRoutingBundle\Routing\Loader\YamlFileLoader</parameter>
        <parameter key="be_simple_i18n_routing.translator.translation.class">BeSimple\I18nRoutingBundle\Routing\Translator\TranslationTranslator</parameter>
    </parameters>

    <services>
        <service id="be_simple_i18n_routing.router" class="%be_simple_i18n_routing.router.class%">
            <argument type="service" id="be_simple_i18n_routing.router.parent" />
            <argument type="service" id="be_simple_i18n_routing.translator" on-invalid="null" />
            <argument>%locale%</argument>
        </service>

        <service id="be_simple_i18n_routing.loader.xml" class="%be_simple_i18n_routing.loader.xml.class%" public="false">
            <tag name="routing.loader" />
            <argument type="service" id="file_locator" />
        </service>

        <service id="be_simple_i18n_routing.loader.yaml" class="%be_simple_i18n_routing.loader.yaml.class%" public="false">
            <tag name="routing.loader" />
            <argument type="service" id="file_locator" />
        </service>

        <service id="be_simple_i18n_routing.translator.translation" class="%be_simple_i18n_routing.translator.translation.class%" public="false">
            <argument type="service" id="translator" />
        </service>
    </services>
</container>
